{"meta":{"version":1,"warehouse":"3.0.1"},"models":{"Asset":[{"_id":"themes/nexmoe/source/css/style.styl","path":"css/style.styl","modified":1,"renderable":1},{"_id":"themes/nexmoe/source/js/app.js","path":"js/app.js","modified":1,"renderable":1}],"Cache":[{"_id":"themes/nexmoe/.gitignore","hash":"dfd61e96233270b66f2f5d6509f4c02b612e9d2a","modified":1570469514000},{"_id":"themes/nexmoe/CODE_OF_CONDUCT.md","hash":"d1bb942aafc0077e32e7c9433d2fd9a4ed85c17a","modified":1570469514000},{"_id":"themes/nexmoe/LICENSE","hash":"7df059597099bb7dcf25d2a9aedfaf4465f72d8d","modified":1570469514000},{"_id":"themes/nexmoe/README.md","hash":"197418f15e9b14af48a08cfe6b163bb90f495f85","modified":1570469514000},{"_id":"themes/nexmoe/_config.example.yml","hash":"7f31e1cb0f7d7d721aad7aec26292f8ad214022a","modified":1570469514000},{"_id":"themes/nexmoe/_config.yml","hash":"7f31e1cb0f7d7d721aad7aec26292f8ad214022a","modified":1573962778063},{"_id":"themes/nexmoe/font.php","hash":"9e498b59d93b1c63c4fe3c634161d6f79ec204cc","modified":1570469514000},{"_id":"themes/nexmoe/.git/HEAD","hash":"acbaef275e46a7f14c1ef456fff2c8bbe8c84724","modified":1573962483925},{"_id":"themes/nexmoe/.git/config","hash":"80de82dfd57795eed1fcbc83b7a9a318eb9e3b20","modified":1573962483945},{"_id":"themes/nexmoe/.git/description","hash":"9635f1b7e12c045212819dd934d809ef07efa2f4","modified":1573962483752},{"_id":"themes/nexmoe/README/english.md","hash":"215949a82c6fb02f385e6be6a8025cc268937917","modified":1570469514000},{"_id":"themes/nexmoe/WIKI/README.md","hash":"ef998ff4417d23ec4fd0baede1a0e5add6c87b74","modified":1570469514000},{"_id":"themes/nexmoe/WIKI/deploy.sh","hash":"ebb1fb1669abb9ebc07ed0769086097afdb1879c","modified":1570469514000},{"_id":"themes/nexmoe/WIKI/package.json","hash":"1a51fa8fccd41579b332eb98d7daa6e06231aa63","modified":1570469514000},{"_id":"themes/nexmoe/font/QQ.svg","hash":"195665f0d13e71bbbea8ecbe2e46c0e4e67341fe","modified":1570469514000},{"_id":"themes/nexmoe/font/appstore-fill.svg","hash":"6ecc527b424afb79bca7d26191c53ebc08091454","modified":1570469514000},{"_id":"themes/nexmoe/font/areachart.svg","hash":"71e8bef524be4ba17ac9918d8598a606b2bb26c9","modified":1570469514000},{"_id":"themes/nexmoe/font/battlenet.svg","hash":"961c2592ed5ea31319bd476e481549d69e8d075d","modified":1570469514000},{"_id":"themes/nexmoe/font/bilibili.svg","hash":"0f9d92835db855bf581b9858a8fc1e3380be8808","modified":1570469514000},{"_id":"themes/nexmoe/font/container.svg","hash":"851225195cff6589a5247cb383194057190dd842","modified":1570469514000},{"_id":"themes/nexmoe/font/calendar-fill.svg","hash":"05e5b979cf8d150731c0eab66a4394df9498f1d6","modified":1570469514000},{"_id":"themes/nexmoe/font/dribbble.svg","hash":"0785c0b322c849b0b4736b88fc5d4fed7fbaf07d","modified":1570469514000},{"_id":"themes/nexmoe/font/ellipsis.svg","hash":"c4074867e95f14d55c3e44145ef6388f60684c5e","modified":1570469514000},{"_id":"themes/nexmoe/font/eye-fill.svg","hash":"158b8b01f5c43219b599799273a0f8d553e91723","modified":1570469514000},{"_id":"themes/nexmoe/font/github.svg","hash":"b10f18d0644d120624c25b8ad5a2bc1ef5cff3a0","modified":1570469514000},{"_id":"themes/nexmoe/font/home.svg","hash":"97ab890dc43804b584ce3bb407bdbbb32030391b","modified":1570469514000},{"_id":"themes/nexmoe/font/info-circle.svg","hash":"016e0515fccbd158cd1094376910725f7325acd8","modified":1570469514000},{"_id":"themes/nexmoe/font/left.svg","hash":"3fa57b536daade473b90cd496a39962c90de12ab","modified":1570469514000},{"_id":"themes/nexmoe/font/mail-fill.svg","hash":"88ef0ea02f5449d7d24ce3f957847219e5205fa0","modified":1570469514000},{"_id":"themes/nexmoe/font/menu.svg","hash":"93c34d0e2156caa8dca37007da3647a6af0fa352","modified":1570469514000},{"_id":"themes/nexmoe/font/right.svg","hash":"640b5fad35d5b1b1052c2f44bb58b1db5446a296","modified":1570469514000},{"_id":"themes/nexmoe/font/steam.svg","hash":"cf35facf841e5be58ac7c35945ae4a576d460b7c","modified":1570469514000},{"_id":"themes/nexmoe/font/tag-fill.svg","hash":"f4a7d7cb92e40295a6b4c37b8d06385cf024eb9d","modified":1570469514000},{"_id":"themes/nexmoe/font/tags-fill.svg","hash":"87f59d1b14a5160e726ec3edc6e06fbe953f40f4","modified":1570469514000},{"_id":"themes/nexmoe/font/telegram.svg","hash":"51d8f5b3fffb40696f5830608ce2abfcebf36e2c","modified":1570469514000},{"_id":"themes/nexmoe/font/time-circle-fill.svg","hash":"ecdacea2e496c505a7d07770e54c503420ef9290","modified":1570469514000},{"_id":"themes/nexmoe/font/twitter.svg","hash":"bfad6767a6cc6058f0e4798225dc8f5898a228ca","modified":1570469514000},{"_id":"themes/nexmoe/font/unorderedlist.svg","hash":"46722843f0674341bffd8ad7f2da1deabde2ba82","modified":1570469514000},{"_id":"themes/nexmoe/font/wechat-fill.svg","hash":"fdb6fa45343307af0d6ebb70a75688afbc4444b3","modified":1570469514000},{"_id":"themes/nexmoe/font/youtube.svg","hash":"fe59b1fb78e5661feae8775bdafe855f28092f0c","modified":1570469514000},{"_id":"themes/nexmoe/font/weibo.svg","hash":"277d4076a9d17b8762e66fe81cbf0ec9f99a59cd","modified":1570469514000},{"_id":"themes/nexmoe/font/zhihu.svg","hash":"78e11c8e8f9ba84ebb2043a8fdbc484b56db3a95","modified":1570469514000},{"_id":"themes/nexmoe/languages/default.yml","hash":"8208cc5f31946e89c2208e5affa128c8117bfae7","modified":1570469514000},{"_id":"themes/nexmoe/languages/en.yml","hash":"6bbe7dac5af2fc1abbe49b7f78f8e24e99678ea5","modified":1570469514000},{"_id":"themes/nexmoe/languages/zh-CN.yml","hash":"f23cbf5457443b9f3336beb290375e554cfbc83d","modified":1570469514000},{"_id":"themes/nexmoe/languages/zh-TW.yml","hash":"0f6a83e3eb33d5afad81fec5d4d225cb587a10a4","modified":1570469514000},{"_id":"themes/nexmoe/languages/zh-HK.yml","hash":"0f6a83e3eb33d5afad81fec5d4d225cb587a10a4","modified":1570469514000},{"_id":"themes/nexmoe/layout/archives.ejs","hash":"bc8e075018eaeb040928af62300d248cf42f58f4","modified":1570469514000},{"_id":"themes/nexmoe/layout/layout.ejs","hash":"8a42607a8ec619c76985cd592a4a30df255db30a","modified":1570469514000},{"_id":"themes/nexmoe/layout/index.ejs","hash":"c3fdf19c877a6a87778d539fb315c7c41a50f708","modified":1570469514000},{"_id":"themes/nexmoe/layout/post.ejs","hash":"0f30ebb65110a0acef986c5d880e974c31087ee8","modified":1570469514000},{"_id":"themes/nexmoe/layout/py.ejs","hash":"fda887942ec72268489244ea5dddf98a45dd5937","modified":1570469514000},{"_id":"source/_posts/hello-world.md","hash":"acad91ace80b80295b11a9b7ad4c29a2dcfdd8fb","modified":1573910355207},{"_id":"themes/nexmoe/WIKI/.vuepress/enhanceApp.js","hash":"da39a3ee5e6b4b0d3255bfef95601890afd80709","modified":1570469514000},{"_id":"themes/nexmoe/.git/hooks/applypatch-msg.sample","hash":"4de88eb95a5e93fd27e78b5fb3b5231a8d8917dd","modified":1573962483754},{"_id":"themes/nexmoe/.git/hooks/commit-msg.sample","hash":"ee1ed5aad98a435f2020b6de35c173b75d9affac","modified":1573962483846},{"_id":"themes/nexmoe/.git/hooks/fsmonitor-watchman.sample","hash":"f7c0aa40cb0d620ff0bca3efe3521ec79e5d7156","modified":1573962483858},{"_id":"themes/nexmoe/.git/hooks/post-update.sample","hash":"b614c2f63da7dca9f1db2e7ade61ef30448fc96c","modified":1573962483859},{"_id":"themes/nexmoe/.git/hooks/pre-applypatch.sample","hash":"f208287c1a92525de9f5462e905a9d31de1e2d75","modified":1573962483860},{"_id":"themes/nexmoe/.git/hooks/pre-commit.sample","hash":"33729ad4ce51acda35094e581e4088f3167a0af8","modified":1573962483868},{"_id":"themes/nexmoe/.git/hooks/pre-merge-commit.sample","hash":"04c64e58bc25c149482ed45dbd79e40effb89eb7","modified":1573962483870},{"_id":"themes/nexmoe/.git/hooks/pre-push.sample","hash":"5c8518bfd1d1d3d2c1a7194994c0a16d8a313a41","modified":1573962483879},{"_id":"themes/nexmoe/.git/hooks/pre-rebase.sample","hash":"288efdc0027db4cfd8b7c47c4aeddba09b6ded12","modified":1573962483893},{"_id":"themes/nexmoe/.git/hooks/pre-receive.sample","hash":"705a17d259e7896f0082fe2e9f2c0c3b127be5ac","modified":1573962483894},{"_id":"themes/nexmoe/.git/hooks/prepare-commit-msg.sample","hash":"2584806ba147152ae005cb675aa4f01d5d068456","modified":1573962483895},{"_id":"themes/nexmoe/.git/hooks/update.sample","hash":"e729cd61b27c128951d139de8e7c63d1a3758dde","modified":1573962483901},{"_id":"themes/nexmoe/.git/info/exclude","hash":"c879df015d97615050afa7b9641e3352a1e701ac","modified":1573962483903},{"_id":"themes/nexmoe/.github/ISSUE_TEMPLATE/bug_report_en.md","hash":"8d52806087943924734c51e51d11ccbdc0617046","modified":1570469514000},{"_id":"themes/nexmoe/.github/ISSUE_TEMPLATE/bug_report_zh.md","hash":"feb8a8754a6bd76bb4c612436b79a44f18bb2ec5","modified":1570469514000},{"_id":"themes/nexmoe/.github/ISSUE_TEMPLATE/feature_request_en.md","hash":"1de5315f528b54fd1be9f1c42bd14d9eee078dc6","modified":1570469514000},{"_id":"themes/nexmoe/.github/ISSUE_TEMPLATE/feature_request_zh.md","hash":"0b267713fc9f986ef35b56ca3dfc55b2224395fd","modified":1570469514000},{"_id":"themes/nexmoe/.github/workflows/vuepress.yml","hash":"8c886ab09446b64a36badb89e6e43293ad52ea6b","modified":1570469514000},{"_id":"themes/nexmoe/WIKI/.vuepress/config.js","hash":"c1d864c72bef973e2b8ccf844107182d94886a7a","modified":1570469514000},{"_id":"themes/nexmoe/WIKI/contribution/README.md","hash":"acc51a21f5e5f036f4f7a0d4109c2800be361fb8","modified":1570469514000},{"_id":"themes/nexmoe/WIKI/contribution/catalog.md","hash":"b59b2f664c98393fe53361343a268301ace539c1","modified":1570469514000},{"_id":"themes/nexmoe/WIKI/en/README.md","hash":"b96f8f0115e6af9afcda8afedb7210da3c0feb95","modified":1570469514000},{"_id":"themes/nexmoe/WIKI/hexo/README.md","hash":"974495cd375d3e08c72987d764ca7617c4082904","modified":1570469514000},{"_id":"themes/nexmoe/WIKI/hexo/comment.md","hash":"148d6c37ff6902a0bc8929120ba821509eea3e43","modified":1570469514000},{"_id":"themes/nexmoe/WIKI/hexo/math.md","hash":"13797c1dc101e0c07742391e5dfbde747fa1980c","modified":1570469514000},{"_id":"themes/nexmoe/WIKI/hexo/notice.md","hash":"efc11be37c49389c4464eea54b0916c5b31143e3","modified":1570469514000},{"_id":"themes/nexmoe/WIKI/hexo/statistics.md","hash":"f55a1a804ecafa9852c1f16eb9deb2bee49a5c8c","modified":1570469514000},{"_id":"themes/nexmoe/WIKI/hexo/use.md","hash":"54082ba5ad1d50a20a94daa9be0408b269a2912c","modified":1570469514000},{"_id":"themes/nexmoe/layout/_partial/after-footer.ejs","hash":"02f833407a2d3b211cfc3869808d0e815f97014d","modified":1570469514000},{"_id":"themes/nexmoe/layout/_partial/analytics.ejs","hash":"a9066ea1f75b616e48ba1d5348b10f5721d7c700","modified":1570469514000},{"_id":"themes/nexmoe/layout/_partial/comment.ejs","hash":"f1e739a0eb8077168074884590033a43d4e8533f","modified":1570469514000},{"_id":"themes/nexmoe/layout/_partial/copyright.ejs","hash":"ad4e69376f3b3ec9bad6deb71bff0745cdb886eb","modified":1570469514000},{"_id":"themes/nexmoe/layout/_partial/header.ejs","hash":"50bd0c1251ec1594b19f9abe000fbaf5e9edd078","modified":1570469514000},{"_id":"themes/nexmoe/layout/_partial/paginator.ejs","hash":"37edff153d06f722442b13559e5849534ff4c6f6","modified":1570469514000},{"_id":"themes/nexmoe/layout/_partial/sidebar.ejs","hash":"ff2ba380abe9f938bea3e37986e3d6d4b6a6c202","modified":1570469514000},{"_id":"themes/nexmoe/layout/_partial/site-verification.ejs","hash":"0e3f39f0b42c0d20c3424a6a06b2f08486b2141c","modified":1570469514000},{"_id":"themes/nexmoe/layout/_widget/archive.ejs","hash":"be3f71b3f32ec965409185eadeca9414c5e77fbe","modified":1570469514000},{"_id":"themes/nexmoe/layout/_widget/category.ejs","hash":"a46946f96a512c6e035491b767b1a60828ce85b8","modified":1570469514000},{"_id":"themes/nexmoe/layout/_widget/recent_posts.ejs","hash":"ac93edcc618dcdad716e2549636e9834da2092d7","modified":1570469514000},{"_id":"themes/nexmoe/layout/_widget/social.ejs","hash":"6a874f100337a4d4fc5f4fade86469d365c6dd10","modified":1570469514000},{"_id":"themes/nexmoe/layout/_widget/tag.ejs","hash":"934c2175bd3d865d3e695755b2653463e0156e34","modified":1570469514000},{"_id":"themes/nexmoe/layout/_widget/tagcloud.ejs","hash":"6ca407e889fc1294a5ca3c4baa26cc51b444eb3e","modified":1570469514000},{"_id":"themes/nexmoe/scripts/helper/css_auto_version.js","hash":"1df4e02d36ae52e64f4f4e709e488d6e413d9d0c","modified":1570469514000},{"_id":"themes/nexmoe/scripts/helper/js_auto_version.js","hash":"912dfbe49c51614ef886c967349d3cb054de6f2d","modified":1570469514000},{"_id":"themes/nexmoe/source/css/style.styl","hash":"e4ab00fa513bfe33f6c07fc5833371fe78905c48","modified":1570469514000},{"_id":"themes/nexmoe/source/js/app.js","hash":"3c98510a7521ecf122d290c6a7ecf0f7927c7052","modified":1570469514000},{"_id":"themes/nexmoe/WIKI/.vuepress/public/manifest.json","hash":"871e6dc1aee085dca0f06e68928e99de69c6ae85","modified":1570469514000},{"_id":"themes/nexmoe/WIKI/.vuepress/styles/palette.styl","hash":"de2cee235d25015f2efbd465eb7e5903a75d9dda","modified":1570469514000},{"_id":"themes/nexmoe/WIKI/component/basic/color.md","hash":"4767e43809633187cbd7b41a990f64769c757e45","modified":1570469514000},{"_id":"themes/nexmoe/WIKI/component/basic/icon.md","hash":"dcf7033f5e22a503f909a4d3266e037e4d887851","modified":1570469514000},{"_id":"themes/nexmoe/WIKI/en/Hexo/README.md","hash":"81d48222e68d5ef00bc3958941b36d49895e3f3c","modified":1570469514000},{"_id":"themes/nexmoe/WIKI/en/Hexo/comment.md","hash":"7f52cda67d77e3de25b7e69786e43687402774df","modified":1570469514000},{"_id":"themes/nexmoe/WIKI/en/Hexo/notice.md","hash":"042702cf30e9cad288100d2456044f247519ddc4","modified":1570469514000},{"_id":"themes/nexmoe/WIKI/en/Hexo/use.md","hash":"5f60cccfabe3737ab7535fb282b19dfe226a3f4e","modified":1570469514000},{"_id":"themes/nexmoe/WIKI/yarn.lock","hash":"2e0539aac0bac2aa1e64dbc7ae96080168cc9b6d","modified":1570469514000},{"_id":"themes/nexmoe/cover.png","hash":"56de9278ccf3bca1cae7eb7e15bad8aa593f1a55","modified":1570469514000},{"_id":"themes/nexmoe/layout/_partial/_analytics/baidu.ejs","hash":"ef3b445b93529c6591b560f7c4f1ebdca56e4553","modified":1570469514000},{"_id":"themes/nexmoe/layout/_partial/_analytics/cnzz.ejs","hash":"03d9d13ef82bceec59f73e525a1124df5f6f97d3","modified":1570469514000},{"_id":"themes/nexmoe/layout/_partial/_analytics/google.ejs","hash":"ec710def09c853e63dc4598ace5b6346035c1098","modified":1570469514000},{"_id":"themes/nexmoe/layout/_partial/_analytics/gtags.ejs","hash":"7f394a1d7560fd52c9d3ec654c9e374342942b2d","modified":1570469514000},{"_id":"themes/nexmoe/layout/_partial/_analytics/gtm-body.ejs","hash":"9e4d32cf44d3ed373ba0b3e8a714378be0b69a78","modified":1570469514000},{"_id":"themes/nexmoe/layout/_partial/_analytics/gtm-head.ejs","hash":"a0d96fe2a7f108cd6e2b8be5ab0b85d29e4dba57","modified":1570469514000},{"_id":"themes/nexmoe/layout/_partial/_analytics/la.ejs","hash":"92a267edbf6df81ccf4239c1047d1dc7b3f57cf5","modified":1570469514000},{"_id":"themes/nexmoe/layout/_partial/_analytics/tencent.ejs","hash":"e2e27f03fe5e22faf217858c7887849028905773","modified":1570469514000},{"_id":"themes/nexmoe/layout/_partial/_comment/DiscussBot.ejs","hash":"c905c27f2e338dad0236ad3af60070629e3af97f","modified":1570469514000},{"_id":"themes/nexmoe/layout/_partial/_comment/changyan.ejs","hash":"1d703bf1e19ec5f0721dac537f917a077899462b","modified":1570469514000},{"_id":"themes/nexmoe/layout/_partial/_comment/disqus.ejs","hash":"48d8f5e4ac308f8a92a48f8f7dfe99e5465dcb6e","modified":1570469514000},{"_id":"themes/nexmoe/layout/_partial/_comment/disqusjs.ejs","hash":"477d18a9c061cc750f6468189bd16218b317b023","modified":1570469514000},{"_id":"themes/nexmoe/layout/_partial/_comment/gitalk.ejs","hash":"0fcfd92a3a70d1c2b0cbd3e484d2f842088a3863","modified":1570469514000},{"_id":"themes/nexmoe/layout/_partial/_comment/gitment.ejs","hash":"c04e14664b69c4a7f12fc88b547994ddd9a74e1d","modified":1570469514000},{"_id":"themes/nexmoe/layout/_partial/_comment/livere.ejs","hash":"af2ef5889f3f8a3326bcee017319586a0179e439","modified":1570469514000},{"_id":"themes/nexmoe/layout/_partial/_comment/valine.ejs","hash":"6a0c66594459db76d6abc99b88f1e23dbcc13cb6","modified":1570469514000},{"_id":"themes/nexmoe/WIKI/en/component/basic/color.md","hash":"c5ee0fcf7f184afa2ca9363fb8ff26f55768fec0","modified":1570469514000},{"_id":"themes/nexmoe/WIKI/en/component/basic/icon.md","hash":"c860a7902e1dbe042191483f6a3312e88aa2baee","modified":1570469514000},{"_id":"themes/nexmoe/WIKI/package-lock.json","hash":"41397626d1542f175db3643dc5c36f7e4e305080","modified":1570469514000},{"_id":"themes/nexmoe/WIKI/cover.png","hash":"933112bf55ba0dfff98fd8f3e670f12fe83d3c9f","modified":1570469514000}],"Category":[],"Data":[],"Page":[],"Post":[{"title":"Hello World","_content":"Welcome to [Hexo](https://hexo.io/)! This is your very first post. Check [documentation](https://hexo.io/docs/) for more info. If you get any problems when using Hexo, you can find the answer in [troubleshooting](https://hexo.io/docs/troubleshooting.html) or you can ask me on [GitHub](https://github.com/hexojs/hexo/issues).\n\n## Quick Start\n\n### Create a new post\n\n``` bash\n$ hexo new \"My New Post\"\n```\n\nMore info: [Writing](https://hexo.io/docs/writing.html)\n\n### Run server\n\n``` bash\n$ hexo server\n```\n\nMore info: [Server](https://hexo.io/docs/server.html)\n\n### Generate static files\n\n``` bash\n$ hexo generate\n```\n\nMore info: [Generating](https://hexo.io/docs/generating.html)\n\n### Deploy to remote sites\n\n``` bash\n$ hexo deploy\n```\n\nMore info: [Deployment](https://hexo.io/docs/one-command-deployment.html)\n","source":"_posts/hello-world.md","raw":"---\ntitle: Hello World\n---\nWelcome to [Hexo](https://hexo.io/)! This is your very first post. Check [documentation](https://hexo.io/docs/) for more info. If you get any problems when using Hexo, you can find the answer in [troubleshooting](https://hexo.io/docs/troubleshooting.html) or you can ask me on [GitHub](https://github.com/hexojs/hexo/issues).\n\n## Quick Start\n\n### Create a new post\n\n``` bash\n$ hexo new \"My New Post\"\n```\n\nMore info: [Writing](https://hexo.io/docs/writing.html)\n\n### Run server\n\n``` bash\n$ hexo server\n```\n\nMore info: [Server](https://hexo.io/docs/server.html)\n\n### Generate static files\n\n``` bash\n$ hexo generate\n```\n\nMore info: [Generating](https://hexo.io/docs/generating.html)\n\n### Deploy to remote sites\n\n``` bash\n$ hexo deploy\n```\n\nMore info: [Deployment](https://hexo.io/docs/one-command-deployment.html)\n","slug":"hello-world","published":1,"date":"2019-11-16T13:19:15.207Z","updated":"2019-11-16T13:19:15.207Z","comments":1,"layout":"post","photos":[],"link":"","_id":"ck32kgu8r0000p8w245h52lpl","content":"<p>Welcome to <a href=\"https://hexo.io/\" target=\"_blank\" rel=\"noopener\">Hexo</a>! This is your very first post. Check <a href=\"https://hexo.io/docs/\" target=\"_blank\" rel=\"noopener\">documentation</a> for more info. If you get any problems when using Hexo, you can find the answer in <a href=\"https://hexo.io/docs/troubleshooting.html\" target=\"_blank\" rel=\"noopener\">troubleshooting</a> or you can ask me on <a href=\"https://github.com/hexojs/hexo/issues\" target=\"_blank\" rel=\"noopener\">GitHub</a>.</p>\n<h2 id=\"Quick-Start\"><a href=\"#Quick-Start\" class=\"headerlink\" title=\"Quick Start\"></a>Quick Start</h2><h3 id=\"Create-a-new-post\"><a href=\"#Create-a-new-post\" class=\"headerlink\" title=\"Create a new post\"></a>Create a new post</h3><figure class=\"highlight bash\"><table><tr><td class=\"gutter\"><pre><span class=\"line\">1</span><br></pre></td><td class=\"code\"><pre><span class=\"line\">$ hexo new <span class=\"string\">\"My New Post\"</span></span><br></pre></td></tr></table></figure>\n\n<p>More info: <a href=\"https://hexo.io/docs/writing.html\" target=\"_blank\" rel=\"noopener\">Writing</a></p>\n<h3 id=\"Run-server\"><a href=\"#Run-server\" class=\"headerlink\" title=\"Run server\"></a>Run server</h3><figure class=\"highlight bash\"><table><tr><td class=\"gutter\"><pre><span class=\"line\">1</span><br></pre></td><td class=\"code\"><pre><span class=\"line\">$ hexo server</span><br></pre></td></tr></table></figure>\n\n<p>More info: <a href=\"https://hexo.io/docs/server.html\" target=\"_blank\" rel=\"noopener\">Server</a></p>\n<h3 id=\"Generate-static-files\"><a href=\"#Generate-static-files\" class=\"headerlink\" title=\"Generate static files\"></a>Generate static files</h3><figure class=\"highlight bash\"><table><tr><td class=\"gutter\"><pre><span class=\"line\">1</span><br></pre></td><td class=\"code\"><pre><span class=\"line\">$ hexo generate</span><br></pre></td></tr></table></figure>\n\n<p>More info: <a href=\"https://hexo.io/docs/generating.html\" target=\"_blank\" rel=\"noopener\">Generating</a></p>\n<h3 id=\"Deploy-to-remote-sites\"><a href=\"#Deploy-to-remote-sites\" class=\"headerlink\" title=\"Deploy to remote sites\"></a>Deploy to remote sites</h3><figure class=\"highlight bash\"><table><tr><td class=\"gutter\"><pre><span class=\"line\">1</span><br></pre></td><td class=\"code\"><pre><span class=\"line\">$ hexo deploy</span><br></pre></td></tr></table></figure>\n\n<p>More info: <a href=\"https://hexo.io/docs/one-command-deployment.html\" target=\"_blank\" rel=\"noopener\">Deployment</a></p>\n","site":{"data":{}},"excerpt":"","more":"<p>Welcome to <a href=\"https://hexo.io/\" target=\"_blank\" rel=\"noopener\">Hexo</a>! This is your very first post. Check <a href=\"https://hexo.io/docs/\" target=\"_blank\" rel=\"noopener\">documentation</a> for more info. If you get any problems when using Hexo, you can find the answer in <a href=\"https://hexo.io/docs/troubleshooting.html\" target=\"_blank\" rel=\"noopener\">troubleshooting</a> or you can ask me on <a href=\"https://github.com/hexojs/hexo/issues\" target=\"_blank\" rel=\"noopener\">GitHub</a>.</p>\n<h2 id=\"Quick-Start\"><a href=\"#Quick-Start\" class=\"headerlink\" title=\"Quick Start\"></a>Quick Start</h2><h3 id=\"Create-a-new-post\"><a href=\"#Create-a-new-post\" class=\"headerlink\" title=\"Create a new post\"></a>Create a new post</h3><figure class=\"highlight bash\"><table><tr><td class=\"gutter\"><pre><span class=\"line\">1</span><br></pre></td><td class=\"code\"><pre><span class=\"line\">$ hexo new <span class=\"string\">\"My New Post\"</span></span><br></pre></td></tr></table></figure>\n\n<p>More info: <a href=\"https://hexo.io/docs/writing.html\" target=\"_blank\" rel=\"noopener\">Writing</a></p>\n<h3 id=\"Run-server\"><a href=\"#Run-server\" class=\"headerlink\" title=\"Run server\"></a>Run server</h3><figure class=\"highlight bash\"><table><tr><td class=\"gutter\"><pre><span class=\"line\">1</span><br></pre></td><td class=\"code\"><pre><span class=\"line\">$ hexo server</span><br></pre></td></tr></table></figure>\n\n<p>More info: <a href=\"https://hexo.io/docs/server.html\" target=\"_blank\" rel=\"noopener\">Server</a></p>\n<h3 id=\"Generate-static-files\"><a href=\"#Generate-static-files\" class=\"headerlink\" title=\"Generate static files\"></a>Generate static files</h3><figure class=\"highlight bash\"><table><tr><td class=\"gutter\"><pre><span class=\"line\">1</span><br></pre></td><td class=\"code\"><pre><span class=\"line\">$ hexo generate</span><br></pre></td></tr></table></figure>\n\n<p>More info: <a href=\"https://hexo.io/docs/generating.html\" target=\"_blank\" rel=\"noopener\">Generating</a></p>\n<h3 id=\"Deploy-to-remote-sites\"><a href=\"#Deploy-to-remote-sites\" class=\"headerlink\" title=\"Deploy to remote sites\"></a>Deploy to remote sites</h3><figure class=\"highlight bash\"><table><tr><td class=\"gutter\"><pre><span class=\"line\">1</span><br></pre></td><td class=\"code\"><pre><span class=\"line\">$ hexo deploy</span><br></pre></td></tr></table></figure>\n\n<p>More info: <a href=\"https://hexo.io/docs/one-command-deployment.html\" target=\"_blank\" rel=\"noopener\">Deployment</a></p>\n"}],"PostAsset":[],"PostCategory":[],"PostTag":[],"Tag":[]}}